"National Curriculum","National Curriculum"
"Mathematics","Mathematics"
"Foundation","Foundation"
"Patterns and Symmetry","Patterns and Symmetry"
"Mathematical Reasoning","Mathematical Reasoning"
"Proofs in Mathematics","Proofs in Mathematics"
"Mathematical Modelling","Mathematical Modelling"
"Number Systems","Number Systems"
"Knowing Numbers","Knowing Numbers"
"Number Operations","Number Operations"
"Money and Transactions","Money and Transactions"
"Fractions","Fractions"
"Decimals","Decimals"
"Ratio and Proportion","Ratio and Proportion"
"Geometry","Geometry"
"Spatial Understanding","Spatial Understanding"
"Lines and Angles","Lines and Angles"
"Shapes and Figures","Shapes and Figures"
"Constructions","Constructions"
"Algebra","Algebra"
"Expressions and Equations","Expressions and Equations"
"Inequalities","Inequalities"
"Sequences and Series","Sequences and Series"
"Matrices and Determinants","Matrices and Determinants"
"Complex Numbers","Complex Numbers"
"Permutations and Combinations","Permutations and Combinations"
"Vectors","Vectors"
"Measurements","Measurements"
"Measures and Measurements","Measures and Measurements"
"Estimation","Estimation"
"Mensuration","Mensuration"
"Statistics","Statistics"
"Data","Data"
"Organising Data","Organising Data"
"Representation Of Data","Representation Of Data"
"Probability","Probability"
"Coordinate Geometry","Coordinate Geometry"
"Cartesian System","Cartesian System"
"Lines and Equations","Lines and Equations"
"Conic Sections","Conic Sections"
"Trigonometry","Trigonometry"
"Trigonometric Functions","Trigonometric Functions"
"Identities","Identities"
"Heights and Distances","Heights and Distances"
"Calculus","Calculus"
"Limits and Derivatives","Limits and Derivatives"
"Continuity and Differentiability","Continuity and Differentiability"
"Integrals","Integrals"
"Infinite Series","Infinite Series"
"Sets","Sets"
"Collections and Representation","Collections and Representation"
"Operations and Functions","Operations and Functions"
"Environmental Studies","Environmental Studies"
"Family and Friends","Family and Friends"
"Relationships","Relationships"
"Customs and Traditions","Customs and Traditions"
"Our Body","Our Body"
"Food Chain","Food Chain"
"Plants Around Us","Plants Around Us"
"Animals Around Us","Animals Around Us"
"Work and Play","Work and Play"
"Food","Food"
"Food and Nutrition","Food and Nutrition"
"Food Production and Markets","Food Production and Markets"
"Food Processing and Cooking","Food Processing and Cooking"
"Animals' Food","Animals' Food"
"Shelter","Shelter"
"Shelter For Animals","Shelter For Animals"
"Houses","Houses"
"Neighbourhood Maps","Neighbourhood Maps"
"Water","Water"
"Sources Of Water","Sources Of Water"
"Utilization Of Water","Utilization Of Water"
"Water Shortage","Water Shortage"
"Properties Of Water","Properties Of Water"
"Travel","Travel"
"Modes Of Travel","Modes Of Travel"
"Travelling","Travelling"
"People and Places","People and Places"
"Things We Make and Do","Things We Make and Do"
"Craft and Trade","Craft and Trade"
"Constructions","Constructions"
"Disasters","Disasters"
"Communication","Communication"
"Measurements","Measurements"
"Physics","Physics"
"Physical World","Physical World"
"Natural Phenomena","Natural Phenomena"
"Theories, Laws and Models","Theories, Laws and Models"
"Fundamental Forces","Fundamental Forces"
"Units and Measurements","Units and Measurements"
"Mechanics","Mechanics"
"Motion","Motion"
"Energy","Energy"
"Properties Of Solids","Properties Of Solids"
"Properties Of Fluids","Properties Of Fluids"
"Heat and Thermodynamics","Heat and Thermodynamics"
"Thermal Properties","Thermal Properties"
"Properties Of Gases","Properties Of Gases"
"Change Of State","Change Of State"
"Laws Of Thermodynamics","Laws Of Thermodynamics"
"Thermodynamic Processes","Thermodynamic Processes"
"Oscillations and Waves","Oscillations and Waves"
"Periodic Motion","Periodic Motion"
"Wave Motion","Wave Motion"
"Electromagnetic Waves","Electromagnetic Waves"
"Sound","Sound"
"Electricity and Magnetism","Electricity and Magnetism"
"Electrostatics","Electrostatics"
"Current Electricity","Current Electricity"
"Magnetostatics","Magnetostatics"
"Electromagnetism","Electromagnetism"
"Optics","Optics"
"Ray Optics","Ray Optics"
"Wave Optics","Wave Optics"
"Optical Instruments","Optical Instruments"
"Matter and Radiation","Matter and Radiation"
"Wave-Particle Duality","Wave-Particle Duality"
"Photoelectricity","Photoelectricity"
"Atoms and Atomic Spectra","Atoms and Atomic Spectra"
"Nuclei and Radioactivity","Nuclei and Radioactivity"
"Nuclear Energy","Nuclear Energy"
"Electronics","Electronics"
"Semiconductors","Semiconductors"
"Electronic Devices","Electronic Devices"
"Communication Systems","Communication Systems"
"Chemistry","Chemistry"
"Atoms and Molecules","Atoms and Molecules"
"Matter and Measurements","Matter and Measurements"
"Periodic Classification","Periodic Classification"
"Chemical Bonding","Chemical Bonding"
"Molecular Structure","Molecular Structure"
"Solid State","Solid State"
"Solutions","Solutions"
"Chemical Reactions","Chemical Reactions"
"Kinetics","Kinetics"
"Thermodynamics","Thermodynamics"
"Equilibrium","Equilibrium"
"Types Of Reaction","Types Of Reaction"
"Electrochemistry","Electrochemistry"
"Surface Chemistry","Surface Chemistry"
"Isolation Of Elements","Isolation Of Elements"
"Coordination Compounds","Coordination Compounds"
"Organic Chemistry","Organic Chemistry"
"Organic Compounds and Reactions","Organic Compounds and Reactions"
"Hydrocarbons","Hydrocarbons"
"Functional Groups","Functional Groups"
"Haloalkanes and Haloarenes","Haloalkanes and Haloarenes"
"Biomolecules","Biomolecules"
"Polymers","Polymers"
"Environmental Chemistry","Environmental Chemistry"
"Pollution and Its Control","Pollution and Its Control"
"Industrial Waste","Industrial Waste"
"Green Technologies","Green Technologies"
"Everyday Chemistry","Everyday Chemistry"
"Household","Household"
"Health","Health"
"Resource Management","Resource Management"
"Biology","Biology"
"Living World","Living World"
"Natural Phenomena","Natural Phenomena"
"Natural Resources","Natural Resources"
"Biological Classification","Biological Classification"
"Taxonomical Aids","Taxonomical Aids"
"Cells","Cells"
"Metabolism","Metabolism"
"Genetics and Evolution","Genetics and Evolution"
"Ecology","Ecology"
"Senescence","Senescence"
"Plant Morphology","Plant Morphology"
"Roots, Stems and Leaves","Roots, Stems and Leaves"
"Flowers, Fruit and Seeds","Flowers, Fruit and Seeds"
"Plant Families and Identification","Plant Families and Identification"
"Anatomy Of Plants","Anatomy Of Plants"
"Plant Physiology","Plant Physiology"
"Coordination and Transport","Coordination and Transport"
"Photosynthesis","Photosynthesis"
"Respiration","Respiration"
"Growth and Reproduction","Growth and Reproduction"
"Animals","Animals"
"Tissues","Tissues"
"Organs and Organ Systems","Organs and Organ Systems"
"Physiology","Physiology"
"Human Anatomy and Physiology","Human Anatomy and Physiology"
"Digestive System","Digestive System"
"Respiratory System","Respiratory System"
"Circulatory System","Circulatory System"
"Excretory System","Excretory System"
"Musculoskeletal System","Musculoskeletal System"
"Nervous System","Nervous System"
"Endocrine System","Endocrine System"
"Reproductive System","Reproductive System"
"Human Welfare","Human Welfare"
"Food and Nutrition","Food and Nutrition"
"Health and Disease","Health and Disease"
"Animal Husbandry","Animal Husbandry"
"Food and Plant Breeding","Food and Plant Breeding"
"Microbes","Microbes"
"Biotechnology","Biotechnology"
"Textiles","Textiles"
"Geography","Geography"
"Our Habitat","Our Habitat"
"Planet Earth","Planet Earth"
"Universe and Solar System","Universe and Solar System"
"The Earth Interior","The Earth Interior"
"The Earth Exterior","The Earth Exterior"
"Continents and Countries","Continents and Countries"
"The Earth","The Earth"
"Rotation and Revolution","Rotation and Revolution"
"Representation","Representation"
"Physiographic Divisions","Physiographic Divisions"
"World","World"
"India's Northern Mountains","India's Northern Mountains"
"Indo-Gangetic Plain","Indo-Gangetic Plain"
"Thar Desert","Thar Desert"
"India's Highlands","India's Highlands"
"India's Coasts","India's Coasts"
"India's Islands","India's Islands"
"Political Divisions","Political Divisions"
"India","India"
"World","World"
"Weather and Climate","Weather and Climate"
"World","World"
"India","India"
"Global Warming","Global Warming"
"Soil and Vegetation","Soil and Vegetation"
"Forest Types and Distribution","Forest Types and Distribution"
"Soil Types","Soil Types"
"Human Activities","Human Activities"
"Human Development","Human Development"
"Land and Water Development","Land and Water Development"
"Mineral and Energy Management","Mineral and Energy Management"
"Natural Resources Management","Natural Resources Management"
"Disasters and Management","Disasters and Management"
"Primary","Primary"
"Secondary","Secondary"
"Tertiary","Tertiary"
"Quaternary","Quaternary"
"Settlements","Settlements"
"Man-Environment Interaction","Man-Environment Interaction"
"Life Styles","Life Styles"
"Biodiversity","Biodiversity"
"History","History"
"Gathering Evidences","Gathering Evidences"
"Inscriptions","Inscriptions"
"Textual and Art Forms","Textual and Art Forms"
"Architectural Analyses","Architectural Analyses"
"Social and Religious Histories","Social and Religious Histories"
"Anthropological Studies","Anthropological Studies"
"Archaeological Material","Archaeological Material"
"Constitutional Assembly Debates","Constitutional Assembly Debates"
"Culture Identity and Society","Culture Identity and Society"
"Traditions","Traditions"
"Education and Identity","Education and Identity"
"Paths To Modernisation","Paths To Modernisation"
"Reforms and Society","Reforms and Society"
"Events and Processes","Events and Processes"
"Early Societies","Early Societies"
"Second Urbanization","Second Urbanization"
"Empires","Empires"
"Independent and Autonomous States","Independent and Autonomous States"
"Voyages and Discoveries","Voyages and Discoveries"
"Settlements","Settlements"
"Revolutions","Revolutions"
"Nationalism in Europe","Nationalism in Europe"
"Colonialism in India","Colonialism in India"
"Nationalist Movement in Indo-China","Nationalist Movement in Indo-China"
"Nationalism in India","Nationalism in India"
"Independent India","Independent India"
"Economies and Livelihood","Economies and Livelihood"
"Pastoral and Rural Societies","Pastoral and Rural Societies"
"Forest and Tribal Societies","Forest and Tribal Societies"
"Urbanisation","Urbanisation"
"Trade and Globalization","Trade and Globalization"
"Political Science","Political Science"
"Concepts and Processes","Concepts and Processes"
"Social Justice","Social Justice"
"Social Diversity","Social Diversity"
"Governance","Governance"
"Democracy","Democracy"
"Nationalism","Nationalism"
"Secularism","Secularism"
"Peace","Peace"
"Development","Development"
"Indian Constitution","Indian Constitution"
"Vision and Values","Vision and Values"
"Constitutional Framework","Constitutional Framework"
"Fundamental Rights and Duties","Fundamental Rights and Duties"
"Indian Government","Indian Government"
"Parliamentary Forms","Parliamentary Forms"
"Legislative, Executive and Judiciary","Legislative, Executive and Judiciary"
"Accountability","Accountability"
"Electoral Processes","Electoral Processes"
"Economic Processes","Economic Processes"
"Local and Rural Administration","Local and Rural Administration"
"State Administration","State Administration"
"External Relations","External Relations"
"Political Parties","Political Parties"
"National and Regional Parties","National and Regional Parties"
"Political Agendas","Political Agendas"
"Democratic Upsurge and coalition politics","Democratic Upsurge and coalition politics"
"Nation Building","Nation Building"
"Early challenges","Early challenges"
"Developmental Processes","Developmental Processes"
"Social Movements","Social Movements"
"New Economic Policy","New Economic Policy"
"Constitutional Order","Constitutional Order"
"Contemporary Politics","Contemporary Politics"
"Cold War Era and Beyond","Cold War Era and Beyond"
"International Organisations","International Organisations"
"Security","Security"
"Global Politics","Global Politics"
"Globalisation","Globalisation"
"Economics","Economics"
"Statistical Methods","Statistical Methods"
"Data","Data"
"Tools and Interpretation","Tools and Interpretation"
"Project Development","Project Development"
"Indian Economic Development","Indian Economic Development"
"1947-1990","1947-1990"
"Economic Reforms","Economic Reforms"
"Challenges","Challenges"
"Comparison with Neighbours","Comparison with Neighbours"
"Microeconomics","Microeconomics"
"Consumers  and Production","Consumers  and Production"
"Cost and Revenue","Cost and Revenue"
"Supply and Demand","Supply and Demand"
"Markets","Markets"
"Macroeconomics","Macroeconomics"
"National Income, Consumption and Saving","National Income, Consumption and Saving"
"Service Sector in Employment","Service Sector in Employment"
"Livelihood and employment","Livelihood and employment"
"Money and Banking","Money and Banking"
"Government Budget","Government Budget"
"Balance Of Payment","Balance Of Payment"
"Food Security","Food Security"
"Development","Development"
"Globalisation","Globalisation"
"Perspectives","Perspectives"
"Impact","Impact"
"India's Response","India's Response"
